{"cameraMode":{"drawMode":0,"name":"Shaded","section":"Shading Mode"},"sceneLighting":true,"audioPlay":false,"sceneViewState":{"m_AlwaysRefresh":false,"showFog":true,"showSkybox":true,"showFlares":true,"showImageEffects":true,"showParticleSystems":true,"showVisualEffectGraphs":true,"m_FxEnabled":false},"in2DMode":false,"pivot":{"x":-99.61774444580078,"y":8.925895690917969,"z":5.848935127258301},"rotation":{"x":0.15499283373355866,"y":0.09434062242507935,"z":-0.014625214040279389,"w":0.9833359122276306},"size":8.806557655334473,"orthographic":true}